{"cameraMode":{"drawMode":0,"name":"Shaded","section":"Shading Mode"},"sceneLighting":true,"audioPlay":false,"sceneViewState":{"showFog":true,"showMaterialUpdate":false,"showSkybox":true,"showFlares":true,"showImageEffects":true,"showParticleSystems":true},"in2DMode":false,"pivot":{"x":-37.288352966308597,"y":15.362752914428711,"z":-36.9425163269043},"rotation":{"x":-0.1710159182548523,"y":-0.340932697057724,"z":0.06318260729312897,"w":-0.9224089980125427},"size":20.798131942749025,"orthographic":false}